INSERT INTO en_organization_group (id,product_id,group_name,logo,website,publish_your_site,account_status_id) VALUES
(1,'MYGP900001','Sabarigiri Group', null, 'www.sabarigirigroup.com',1,2),
(2,'MYGP900002','Chinmaya Mission', null, 'www.chinmayamission.com',1,2),
(3,'MYGP900003','Good Sheperd Group', null, 'www.goodsheperdgroup.com',1,2),
(4,'MYGP900004','Seethi Sahib Memorial Group', null, 'www.ssmgroup.com',1,2);

INSERT INTO en_organization (id,product_id,school_name,started_date,display_picture,mobile_country_code_id, mobile_number_1,mobile_number_2, landline_number_1, landline_number_2,email_id,website,publish_your_site, street, registration_id,account_status_id,organization_group_id, zipcode_id,affiliation_id,organization_type_id) VALUES
(1,'MYOR900001','Sabarigiri Residential School - CBSE','1990-05-05',null,1,'9447010001','9447010002','2271001','2271002','sabarigiri_cbse@sabarigirgroup.com','www.sabarigiri_acl.com',1,'Agastyakode','REG-10001',2,1,65785,1,1),
(2,'MYOR900002','Sabarigiri Residential School - STATE','1990-05-05',null,1,'9447010003','9447010004','2271003','2271004','sabarigiri_state@sabarigirgroup.com','www.sabarigiri_acl.com',1,'Agastyakode','REG-10002',2,1,65785,2,1),
(3,'MYOR900003','Sabarigiri Residential School','1990-05-05',null,1,'9447010005','9447010006','2271005','2271006','sabarigiri_punalur@sabarigirgroup.com','www.sabarigiri_punalur.com',1,'Punalur','REG-10003',2,1,65783,1,1),
(4,'MYOR900004','Chinmaya Central School','1980-05-05',null,1,'9447010007','9447010008','2271007','2271008','chinamaya_kollam@chinmayagroup.com','www.chinmaya.com',1,'Chemmamukk','REG-10004',2,2,65765,1,1),
(5,'MYOR900005','Chinmaya Central School','1981-06-09',null,1,'9447010009','9447010010','2271009','2271010','chinamaya_thrissur@chinmayagroup.com','www.chinmaya.com',1,'PC Junction','REG-10005',2,2,65756,1,1),
(6,'MYOR900006','Chinmaya Central School','1981-07-08',null,1,'9447010011','9447010012','2271011','2271012','chinamaya_cochin@chinmayagroup.com','www.chinmaya.com',1,'Metro Jn','REG-10006',2,2,65734,1,1),
(7,'MYOR900007','Chinmaya Central School','1989-05-04',null,1,'9447010013','9447010014','2271013','2271014','chinamaya_kottayam@chinmayagroup.com','www.chinmaya.com',1,'Bus Stand ','REG-10007',2,2,65793,1,1),
(8,'MYOR900008','Good Sheperd Central School','1987-03-11',null,1,'9447010015','9447010016','2271015','2271016','mail@goodshepard.com','www.goodsheperd.com',1,'Nilagiri','REG-10008',2,3,65790,1,1),
(9,'MYOR900009','SSM Central School','1999-08-09',null,1,'9447010017','9447010018','2271017','2271018','ssm_kollam@ssm.com','www.ssm.com',1,'Pattanapuram','REG-10009',2,4,65723,2,1),
(10,'MYOR900010','SSM Central School','1967-05-01',null,1,'9447010019','9447010020','2271019','2271020','ssm_kottayam@ssm.com','www.ssm.com',1,'Kesavadasapuram','REG-10010',2,4,65722,1,1);

INSERT INTO en_contacts(id, mobile_number, secondary_number, is_landline_number, email_id, website, publish_your_site, mobile_country_code_id) values
(2,'9449001111','2271111',1,'jayakumar@gmail.com',null,1,1),
(3,'9449002222','2272222',1,'chinmayandanswami@gmail.com','www.chinmayanadaswami.com',1,1),
(4,'9449003333','2273333',1,'Maryktty@yahoo.com',null,1,1),
(5,'9449004444','2274444',1,'abhulkalam@gmail.com','www.abdulkalam.com',1,1),
(6,'9449004401','2274401',1,'aravind@gmail.com','www.aravind.com',1,1),
(7,'9449004402','2274402',1,'pranav@gmail.com','www.pranav.com',1,1),
(8,'9449004403','2274403',1,'deepa@gmail.com','www.deepa.com',1,1),
(9,'9449004404','2274404',1,'sumin@gmail.com','www.sumin.com',1,1),
(10,'9449004405','2274405',1,'rohith@gmail.com','www.rohith.com',1,1),
(11,'9449004406','2274406',1,'mridul@gmail.com','www.mridul.com',1,1),
(12,'9449004407','2274407',1,'aswin@gmail.com','www.aswin.com',1,1),
(13,'9449004408','2274408',1,'muhseena@gmail.com','www.muhseena.com',1,1),
(14,'9449004410','2274410',1,'kritika@gmail.com','www.kritika.com',1,1),
(15,'9449004411','2274411',1,'sukanya@gmail.com','www.sukanya.com',1,1),
(16,'9449004412','2274412',1,'anusree@gmail.com','www.anusree.com',1,1),
(17,'9449004413','2274413',1,'renuka@gmail.com','www.renuka.com',1,1),
(18,'9449004414','2274414',1,'kushboo@gmail.com','www.kushboo.com',1,1),
(19,'9449004415','2274415',1,'sumesh@gmail.com','www.sumesh.com',1,1),
(20,'9449004416','2274416',1,'dileep@gmail.com','www.dileep.com',1,1),
(21,'9449004417','2274417',1,'ashik@gmail.com','www.ashik.com',1,1),
(22,'9449004418','2274418',1,'deepak@gmail.com','www.deepak.com',1,1),
(23,'9449004419','2274419',1,'bala@gmail.com','www.bala.com',1,1),
(24,'9449004420','2274420',1,'gurdeep@gmail.com','www.gurdeep.com',1,1),
(25,'9449004421','2274421',1,'santhosh@gmail.com','www.santhosh.com',1,1),
(26,'9449004422','2274422',1,'tirtha@gmail.com','www.tirtha.com',1,1),
(27,'9449004423','2274423',1,'pavan@gmail.com','www.pavan.com',1,1),
(28,'9449004424','2274424',1,'lintu@gmail.com','www.lintu.com',1,1),
(29,'9449004425','2274425',1,'ashalatha@gmail.com','www.ashalatha.com',1,1),
(30,'9449004426','2274426',1,'mohini@gmail.com','www.mohini.com',1,1),
(31,'9449004427','2274427',1,'shalini@gmail.com','www.shalini.com',1,1);

INSERT INTO en_users (id, product_id, name, date_of_birth, display_picture, account_status_id, contact_id, gender_id, newsletter_subscribe) VALUES
(2,'MY90000002','V K Jayakumar','1970-05-05',null,2,2,1,1),
(3,'MY90000003','Chimnayanada Saraswaty','1960-06-05',null,2,3,1,1),
(4,'MY90000004','Mary Kutty','1978-02-11',null,2,4,2,0),
(5,'MY90000005','Abdul Kalam','1957-03-06',null,2,5,1,0),
(6,'MY90000006','Aravind R Pillai','1992-05-19','img_my90000006.jpg',2,6,1,1),
(7,'MY90000007','Pranav Narayanan','1993-02-06','img_my90000007.jpg',2,7,1,1),
(8,'MY90000008','Deepa Chandran','1977-03-06','img_my90000008.jpg',2,8,1,1),
(9,'MY90000009','Sumin SG','1991-03-06','img_my90000009.jpg',2,9,1,1),
(10,'MY90000010','Rohith Rajeev','1992-09-16','img_my90000010.jpg',2,10,1,1),
(11,'MY90000011','Mridul Punathil','1993-01-26','img_my90000011.jpg',2,11,1,0),
(12,'MY90000012','Aswin Nair','1993-03-21','img_my90000012.jpg',2,12,1,0),
(13,'MY90000013','Muhseena Noor','1990-11-02','img_my90000013.jpg',2,13,1,0),
(14,'MY90000014','Kritika Sharma','1991-04-06','img_my90000014.jpg',2,14,1,1),
(15,'MY90000015','Sukanya Vijayan','1993-05-06','img_my90000015.jpg',2,15,1,1),
(16,'MY90000016','Anusree Babu','1990-07-21','img_my90000016.jpg',2,16,1,1),
(17,'MY90000017','Renuka Dhakad','1980-03-22','img_my90000017.jpg',2,17,1,1),
(18,'MY90000018','Kushboo Priyadarshini','1979-05-06','img_my90000018.jpg',2,18,1,1),
(19,'MY90000019','Sumesh Kumar','1978-03-06','img_my90000019.jpg',2,19,1,1),
(20,'MY90000020','Dileep Venugopal','1989-03-06','img_my90000020.jpg',2,20,1,1),
(21,'MY90000021','Ashik Abu','1987-08-06','img_my90000021.jpg',2,21,1,1),
(22,'MY90000022','Deepak Mishra','1967-12-06','img_my90000022.jpg',2,22,1,1),
(23,'MY90000023','Bala Poluri','1984-01-06','img_my90000023.jpg',2,23,1,0),
(24,'MY90000024','Gurdeep Bindra','1986-03-19','img_my90000024.jpg',2,24,1,0),
(25,'MY90000025','Santhosh Shivamallu','1987-11-06','img_my90000025.jpg',2,25,1,0),
(26,'MY90000026','Tirtha X Ray','1988-12-06','img_my90000026.jpg',2,26,1,0),
(27,'MY90000027','Pavan Babu','1993-10-06','img_my90000027.jpg',2,27,1,0),
(28,'MY90000028','Lintu Tariyan','1992-03-06','img_my90000028.jpg',2,28,1,0),
(29,'MY90000029','Ashalatha Tampuran','1960-07-26','img_my90000029.jpg',2,29,1,1),
(30,'MY90000030','Mohini Varma','1987-03-06','img_my90000030.jpg',2,30,1,1),
(31,'MY90000031','Shalini Nambiar','1977-03-06','img_my90000031.jpg',2,31,1,1);



INSERT INTO en_address_book(id,house_name,street,landmark,is_current_address,is_permanent_address,user_id,zipcode_id) VALUES
(2,'Jayakumar House','Alencherry','Near Postoffice',1,1,2,65785),
(3,'Chinmayanada Madam','Ashrama maidanam','Near Kollam Beach',1,1,3,65788),
(4,'Mary Villah','takaraparamu','Near Stadium',1,1,4,65789),
(5,'Kalam Manzil','petta','Near Airport',1,1,5,65778),
(6,'Aravind House','Aravind - Test Street','Aravind - Test Landmark',1,1,6,65778),
(7,'Pranav House','Pranav - Test Street','Pranav - Test Landmark',1,1,7,65778),
(8,'Deepa House','Deepa - Test Street','Deepa - Test Landmark',1,1,8,65778),
(9,'Sumin House','Sumin - Test Street','Sumin - Test Landmark',1,1,9,65778),
(10,'Rohith House','Rohith - Test Street','Rohith - Test Landmark',1,1,10,65778),
(11,'Mridul House','Mridul - Test Street','Mridul - Test Landmark',1,1,11,65778),
(12,'Aswin House','Aswin - Test Street','Aswin - Test Landmark',1,1,12,65778),
(13,'Muhseena House','Muhseena - Test Street','Muhseena - Test Landmark',1,1,13,65778),
(14,'Kritika House','Kritika - Test Street','Kritika - Test Landmark',1,1,14,65778),
(15,'Sukanya House','Sukanya - Test Street','Sukanya - Test Landmark',1,1,15,65778),
(16,'Anusree House','Anusree - Test Street','Anusree - Test Landmark',1,1,16,65778),
(17,'Renuka House','Renuka - Test Street','Renuka - Test Landmark',1,1,17,65778),
(18,'Kushboo House','Kushboo - Test Street','Kushboo - Test Landmark',1,1,18,65778),
(19,'Sumesh House','Sumesh - Test Street','Sumesh - Test Landmark',1,1,19,65778),
(20,'Dileep House','Dileep - Test Street','Dileep - Test Landmark',1,1,20,65778),
(21,'Ashik House','Ashik - Test Street','Ashik - Test Landmark',1,1,21,65778),
(22,'Deepak House','Deepak - Test Street','Deepak - Test Landmark',1,1,22,65778),
(23,'Bala House','Bala - Test Street','Bala - Test Landmark',1,1,23,65778),
(24,'Gurdeep House','Gurdeep - Test Street','Gurdeep - Test Landmark',1,1,24,65778),
(25,'Santhosh House','Santhosh - Test Street','Santhosh - Test Landmark',1,1,25,65778),
(26,'Tirtha House','Tirtha - Test Street','Tirtha - Test Landmark',1,1,26,65778),
(27,'Pavan House','Pavan - Test Street','Pavan - Test Landmark',1,1,27,65778),
(28,'Lintu House','Lintu - Test Street','Lintu - Test Landmark',1,1,28,65778),
(29,'Ashalatha House','Ashalatha - Test Street','Ashalatha - Test Landmark',1,1,29,65778),
(30,'Mohini House','Mohini - Test Street','Mohini - Test Landmark',1,1,30,65778),
(31,'Shalini House','Shalini - Test Street','Shalini - Test Landmark',1,1,31,65778);

INSERT INTO en_login_credentials (id, username, password, password_history, current_logged_in_time, last_logged_in_time, user_id, is_online) VALUES
(2,'jayakumar','jayakumar',NULL,'2018-08-28', '2018-08-28',2,1),
(3,'chinmayanada','chinmayanada',NULL,'2018-08-28', '2018-08-28',3,1),
(4,'marykutty','marykutty',NULL,'2018-08-28', '2018-08-28',4,1),
(5,'abdulkalam','abdulkalam',NULL,'2018-08-28', '2018-08-28',5,1),
(6,'aravind','aravind',NULL,'2018-08-28', '2018-08-28',6,1),
(7,'pranav','pranav',NULL,'2018-08-28', '2018-08-28',7,1),
(8,'deepa','deepa',NULL,'2018-08-28', '2018-08-28',8,1),
(9,'sumin','sumin',NULL,'2018-08-28', '2018-08-28',9,1),
(10,'rohith','rohith',NULL,'2018-08-28', '2018-08-28',10,1),
(11,'mridul','mridul',NULL,'2018-08-28', '2018-08-28',11,1),
(12,'aswin','aswin',NULL,'2018-08-28', '2018-08-28',12,1),
(13,'muhseena','muhseena',NULL,'2018-08-28', '2018-08-28',13,1),
(14,'kritika','kritika',NULL,'2018-08-28', '2018-08-28',14,1),
(15,'sukanya','sukanya',NULL,'2018-08-28', '2018-08-28',15,1),
(16,'anusree','anusree',NULL,'2018-08-28', '2018-08-28',16,1),
(17,'renuka','renuka',NULL,'2018-08-28', '2018-08-28',17,1),
(18,'kushboo','kushboo',NULL,'2018-08-28', '2018-08-28',18,1),
(19,'sumesh','sumesh',NULL,'2018-08-28', '2018-08-28',19,1),
(20,'dileep','dileep',NULL,'2018-08-28', '2018-08-28',20,1),
(21,'ashik','ashik',NULL,'2018-08-28', '2018-08-28',21,1),
(22,'deepak','deepak',NULL,'2018-08-28', '2018-08-28',22,1),
(23,'balapoluri','balapoluri',NULL,'2018-08-28', '2018-08-28',23,1),
(24,'gurdeep','gurdeep',NULL,'2018-08-28', '2018-08-28',24,1),
(25,'santhosh','santhosh',NULL,'2018-08-28', '2018-08-28',25,1),
(26,'tirtha','tirtha',NULL,'2018-08-28', '2018-08-28',26,1),
(27,'pavan','pavan',NULL,'2018-08-28', '2018-08-28',27,1),
(28,'lintu','lintu',NULL,'2018-08-28', '2018-08-28',28,1),
(29,'ashalatha','ashalatha',NULL,'2018-08-28', '2018-08-28',29,1),
(30,'mohini','mohini',NULL,'2018-08-28', '2018-08-28',30,1),
(31,'shalini','shalini',NULL,'2018-08-28', '2018-08-28',31,1);

INSERT INTO en_user_roles (id, user_id , role_id, related_organization_group_id,related_organization_id,related_user_id,approved, is_selected_role,request_approved_by_id,request_raised_by_id,request_approved_on,request_raised_on) VALUES
(2,2,2,1,null,null,1,0,2,2,'2018-09-25 07:38:00.539153','2018-09-25 07:38:00.539153'),
(3,3,2,2,null,null,1,0,3,3,'2018-09-25 07:38:00.539153','2018-09-25 07:38:00.539153'),
(4,4,2,3,null,null,1,0,4,4,'2018-09-25 07:38:00.539153','2018-09-25 07:38:00.539153'),
(5,5,2,4,null,null,1,0,5,5,'2018-09-25 07:38:00.539153','2018-09-25 07:38:00.539153'),
(6,6,2,1,null,null,1,0,6,6,'2018-09-25 07:38:00.539153','2018-09-25 07:38:00.539153'),
(7,6,2,2,null,null,1,0,6,6,'2018-09-25 07:38:00.539153','2018-09-25 07:38:00.539153'),
(8,6,5,null,1,null,1,0,6,6,'2018-09-25 07:38:00.539153','2018-09-25 07:38:00.539153'),
(9,6,5,null,4,null,1,0,6,6,'2018-09-25 07:38:00.539153','2018-09-25 07:38:00.539153'),
(10,6,7,null,1,null,1,0,6,6,'2018-09-25 07:38:00.539153','2018-09-25 07:38:00.539153'),
(11,6,7,null,1,null,1,0,6,6,'2018-09-25 07:38:00.539153','2018-09-25 07:38:00.539153');


INSERT INTO en_school_timings (timing_name, school_starting_time, school_closing_time, organization_id, assembly_duration, assembly_on_friday, assembly_on_monday, assembly_on_saturday, assembly_on_sunday, assembly_on_thursday, assembly_on_tuesday, assembly_on_wednesday, class_off_on_friday, class_off_on_monday, class_off_on_saturday, class_off_on_sunday, class_off_on_thursday, class_off_on_tuesday, class_off_on_wednesday) VALUES
('classes 10 - 11 - 12', '14:01:00', '01:00:00', 1, 30, 0, 1, 0, 0, 0, 0, 0, 1, 0, 0, 0, 0, 1, 0),
('LKG_UKG Timing', '02:01:00', '14:01:00', 1, 30, 1, 1, 0, 0, 0, 0, 1, 1, 1, 0, 0, 1, 1, 1),
('class 1 to 5', '09:00:00', '15:00:00', 1, 20, 0, 0, 0, 0, 1, 0, 1, 0, 0, 1, 1, 0, 0, 0),
('class 6 7 8 timing', '09:00:00', '15:00:00', 1, 20, 0, 0, 0, 0, 0, 0, 1, 0, 0, 1, 1, 0, 0, 0);

INSERT INTO en_school_timing_breakup (is_break, is_period, duration, description, timing_id) VALUES
  (0,1,30,'Period - 1',1),
  (0,1,35,'Period - 2',1),
  (1,0,10,'Interval - 1',1),
  (0,1,40,'Period - 3',1),
  (0,1,40,'Period - 4',1),
  (1,0,50,'Lunch Break',1),
  (0,1,30,'Period - 5',1),
  (1,0,10,'Interval - 2',1),
  (0,1,30,'Period - 6',1),
  (0,1,40,'Period - 1',2),
  (0,1,45,'Period - 2',2),
  (1,0,15,'Interval - 1',2),
  (0,1,40,'Period - 3',2),
  (0,1,40,'Period - 4',2),
  (1,0,60,'Lunch Break',2),
  (0,1,20,'Period - 5',2),
  (1,0,60,'Period - 1',3),
  (1,0,50,'Period - 2',3);

INSERT INTO tl_books_category (id,code, name, description) VALUES
(1,'general_science','General Science','Science'),
(2,'mathematics','Mathematics','Mathematics'),
(3,'fiction','Fiction','Fiction'),
(4,'social_science','Social Science','Social Science'),
(5,'computer_science','Computer Science','Computer Science'),
(6,'economics','Economics','Economics'),
(7,'graphics','Graphics','Graphics');

INSERT INTO tl_books_sub_category (id, code, name, description, category_id) VALUES
(1,'general_physics','General Physics','General Physics',1),
(2,'advanced_physics','Advanced Physics','Advanced Physics',1),
(3,'general_chemistry','General Chemistry','General Chemistry',1),
(4,'advanced_chemistry','Advanced Chemistry','Advanced Chemistry',1),
(5,'general_biology','General Biology','General Biology',1),
(6,'advanced_biology','Advanced Biology','Advanced Biology',1),
(7,'malayalam','Malayalam','Malayalam Fictions',3),
(8,'english','English','English Fictions',3);

INSERT INTO en_books(id,name,book_code,volume,author,publisher,published_year,category_id,sub_category_id) VALUES
-- Science
(1,'Fun With Science','10001',1,'Rahul Iswar','Iswar Publications',2010,1,null),
-- Science - Physics
(2,'Intro To Basic Physics','10002',1,'Kjeriwal Philip','Philip Publications',2000,1,1),
(3,'Intro To Basic Physics','10003',2,'Kjeriwal Philip','Philip Publications',2011,1,1),
(4,'Intro To Basic Physics','10004',3,'Kjeriwal Philip','Philip Publications',2012,1,1),
(5,'Intro To Basic Physics','10005',4,'Kjeriwal Philip','Philip Publications',2013,1,1),
(6,'Intro To Basic Physics','10006',5,'Kjeriwal Philip','Philip Publications',2014,1,1),
(7,'Solar System','10007',1,'Mathew Abraham','Abraham Publications',2014,1,1),
(8,'Solar System','10008',2,'Mathew Abraham','Abraham Publications',2014,1,1),
(9,'Law Of Motions','10009',1,'Jones Knit','Knit Publications',2014,1,1),
(10,'States Of Matter','10010',1,'Jones Knit','Knit Publications',2014,1,1),
(11,'Lightining Science','10011',1,'John Honai','Honai Publications',2000,1,2),
(12,'Planetary Motion','10012',1,'John Honai','Honai Publications',2011,1,2),
(13,'Motion Dynamics','10013',1,'John Honai','Honai Publications',2012,1,2),
(14,'Perpectual Forces and Energies','10014',1,'John Honai','Honai Publications',2013,1,2),
(15,'Linear Forces and Pressure','10015',1,'John Honai','Honai Publications',2014,1,2),
(16,'Linear Forces and Pressure','10016',2,'John Honai','Honai Publications',2014,1,2),
(17,'Linear Forces and Pressure','10017',3,'John Honai','Honai Publications',2014,1,2),
(18,'Linear Forces and Pressure','10018',4,'John Honai','Honai Publications',2014,1,2),
(19,'Kinetic Theory','10019',1,'Meghana Nampootiri','MN Publications',2007,1,2),
(20,'Kinetic Theory','10020',2,'Meghana Nampootiri','MN Publications',2009,1,2),
(21,'Energy Manupulation','10021',1,'Swarnam Khan','Khan Publications',2019,1,2),
(22,'Energy Manupulation','10022',2,'Swarnam Khan','Khan Publications',2019,1,2),
(23,'Energy Manupulation','10023',3,'Swarnam Khan','Khan Publications',2019,1,2),
(24,'Energy Manupulation','10024',4,'Swarnam Khan','Khan Publications',2019,1,2),
(25,'Basics Of Entropy and Enthaply','10025',1,'Firoz Moopan','FM Publications',2016,1,1),
(26,'Entropy and Enthaply Advanced','10026',1,'Firoz Moopan','FM Publications',2016,1,2),
(27,'Entropy and Enthaply Advanced','10027',2,'Firoz Moopan','FM Publications',2016,1,2),
(28,'Entropy and Enthaply Advanced','10028',3,'Firoz Moopan','FM Publications',2016,1,2),
-- Science - Chemistry
(29,'Intro To Basic Chemistry','10029',1,'Joseph Kuzhimattam','JK Publications',2011,1,3),
(30,'Intro To Basic Chemistry','10030',2,'Joseph Kuzhimattam','JK Publications',2012,1,3),
(31,'Intro To Basic Chemistry','10031',3,'Joseph Kuzhimattam','JK Publications',2013,1,3),
(32,'Intro To Basic Chemistry','10032',4,'Joseph Kuzhimattam','JK Publications',2014,1,3),
(33,'Intro To Basic Chemistry','10033',5,'Joseph Kuzhimattam','JK Publications',2015,1,3),
(34,'Inside Atoms','10034',1,'TV Ouseph','TVO Publications',2011,1,3),
(35,'Play with Atoms','10035',1,'TV Ouseph','TVO Publications',2011,1,3),
(36,'Atoms Explained','10036',1,'Kurushil Chako','General Publications',2011,1,3),
(37,'Atoms Explained','10037',2,'Kurushil Chako','General Publications',2011,1,3),
(38,'Atoms Explained','10038',3,'Kurushil Chako','General Publications',2011,1,3),
(39,'Atomic Numbers and valancies','10039',1,'Justin Bieber','General Publications',2011,1,3),
(40,'Atomic Numbers and valancies','10040',2,'Justin Bieber','General Publications',2011,1,3),
(41,'Schondiger Theory','10041',1,'Schodinger','Scho Publications',2011,1,4),
(42,'Schondiger Theory','10042',2,'Schodinger','Scho Publications',2011,1,4),
(43,'Schondiger Theory','10043',3,'Schodinger','Scho Publications',2011,1,4),
(44,'Advanced Chemical Reactions','10044',1,'Yeshodha Rilwz','General Publications',2011,1,4),
(45,'Advanced Chain Reactions','10045',1,'Yeshodha Rilwz','General Publications',2011,1,4),
(46,'Valance Shell Theory','10046',1,'Yeshodha Rilwz','General Publications',2011,1,4),
(47,'Explosive Reactions','10047',1,'Ritu Gita','Gita Publications',2011,1,4),
(48,'Explosive Reactions','10048',2,'Ritu Gita','Gita Publications',2011,1,4),
(49,'Explosive Reactions','10049',3,'Ritu Gita','Gita Publications',2011,1,4),
(50,'Explosive Reactions','10050',4,'Ritu Gita','Gita Publications',2011,1,4),
-- Science - Biology
(51,'Intro To Basic Biology','10051',1,'Thomas Vadakkan','General Publications',2011,1,5),
(52,'Intro To Basic Biology','10052',2,'Thomas Vadakkan','General Publications',2012,1,5),
(53,'Intro To Basic Biology','10053',3,'Thomas Vadakkan','General Publications',2013,1,5),
(54,'Intro To Basic Biology','10054',4,'Thomas Vadakkan','General Publications',2014,1,5),
(55,'Intro To Basic Biology','10055',5,'Thomas Vadakkan','General Publications',2015,1,5),
(56,'Advanced Biology','10056',1,'Thomas Vadakkan','Vadakkan Publications',2011,1,6),
(57,'Advanced Biology','10057',2,'Thomas Vadakkan','Vadakkan Publications',2012,1,6),
(58,'Advanced Biology','10058',3,'Thomas Vadakkan','Vadakkan Publications',2013,1,6),
(59,'Advanced Biology','10059',4,'Thomas Vadakkan','Vadakkan Publications',2014,1,6),
(60,'Advanced Biology','10060',5,'Thomas Vadakkan','Vadakkan Publications',2015,1,6),
(61,'Reproduction','10061',1,'Manohar Parikar','Manohar Publications',2016,1,5),
(62,'Reproduction in Animals','10062',1,'Manohar Parikar','Manohar Publications',2015,1,5),
(63,'Vitamins and deficencies','10063',1,'Mohan Kumar','General Publications',2011,1,5),
(64,'Vitamins and deficencies','10064',2,'Mohan Kumar','General Publications',2015,1,5),
--Mathematics
(65,'Fun With Maths','10065',1,'Thejaswini Gupta','General Publications',2011,2,null),
(66,'Daily Algebra','10066',1,'Thejaswini Gupta','General Publications',2010,2,null),
(67,'Integral Integrations','10067',1,'Rana Pratap','General Publications',2000,2,null),
(68,'Integral and Differentiations','10068',1,'Rana Pratap','General Publications',2002,2,null),
(69,'Permutation Combination','10069',1,'Thejaswini Gupta','General Publications',2004,2,null),
(70,'Trignometry','10070',1,'Thejaswini Gupta','General Publications',2006,2,null),
(71,'Trignometry','10071',2,'Thejaswini Gupta','General Publications',2007,2,null),
(72,'Trignometry','10072',3,'Thejaswini Gupta','General Publications',2008,2,null),
(73,'Arithematic Operations','10073',1,'Rana Pratap','General Publications',2010,2,null),
(74,'Basic Maths','10074',1,'Thejaswini Gupta','General Publications',2010,2,null),
(75,'Probability','10075',1,'Thejaswini Gupta','General Publications',2010,2,null),
(76,'Statistics','10076',1,'Rana Pratap','General Publications',2010,2,null),
(77,'Statistics','10077',2,'Rana Pratap','General Publications',2011,2,null),
(78,'Statistics','10078',3,'Rana Pratap','General Publications',2012,2,null),
(79,'Areas and Volumes','10079',1,'Thejaswini Gupta','General Publications',2010,2,null),
(80,'Advanced Dimentions','10080',1,'Thejaswini Gupta','General Publications',2010,2,null),
--Fiction-Malayalam
(81,'Udupante Kinar','10081',1,'Kumaranashan','Malayalam Publications',2010,3,7),
(82,'Ente Swapnam','10082',1,'Kumaranashan','Malayalam Publications',2010,3,7),
(83,'Swargatine Katturumb','10083',1,'Kumaranashan','Malayalam Publications',2010,3,7),
(84,'Njn Kanmani','10084',1,'Kumaranashan','Malayalam Publications',2010,3,7),
(85,'Achaneyanek Istam','10085',1,'Kumaranashan','Malayalam Publications',2010,3,7),
(86,'Viyarpile Uppu','10086',1,'Kumaranashan','Malayalam Publications',2010,3,7),
(87,'Kunje ninte karachil','10087',1,'Kumaranashan','Malayalam Publications',2010,3,7),
(88,'Kannamtumbi','10088',1,'Kumaranashan','Malayalam Publications',2010,3,7),
--Fiction-English
(89,'Way to heaven','10089',1,'Shakeshpere','English Publications',2010,3,8),
(90,'My Dad','10090',1,'Shakeshpere','English Publications',2010,3,8),
(91,'The tribute','10091',1,'Shakeshpere','English Publications',2010,3,8),
(92,'Favorite','10092',1,'Shakeshpere','English Publications',2010,3,8),
(93,'Destination','10093',1,'Shakeshpere','English Publications',2010,3,8),
(94,'Ghost House','10094',1,'Shakeshpere','English Publications',2010,3,8),
(95,'Family Man','10095',1,'Shakeshpere','English Publications',2010,3,8),
(96,'The Hardwork','10096',1,'Joel Fellomate','English Publications',2010,3,8),
(97,'The Hardwork','10097',2,'Joel Fellomate','English Publications',2010,3,8),
(98,'The Hardwork','10098',3,'Joel Fellomate','English Publications',2010,3,8),
(99,'The Hardwork','10099',4,'Joel Fellomate','English Publications',2010,3,8),
(100,'The Hardwork','10100',5,'Joel Fellomate','English Publications',2010,3,8);

